{
  "minBudget": 141827.75,
  "maxBudget": 39394103.4335188642,
  "minRevenue": 3246409.1333333333,
  "maxRevenue": 121362767.6060606092,
  "minYear": -1893456000000,
  "maxYear": 1262304000000
}
